CHEMBL294009; 0.993; OC1=C(OC2=CC=CC=C2C1=O)C1=CC=CC=C1
CHEMBL2420085; 0.980; OC1=C(OC2=C(C=CC3=CC=CC=C23)C1=O)C1=CC=CC=C1
CHEMBL1097042; 0.878; OC1=C2C3=C(C=CC2=CC=C1)C(=O)C=C(O3)C1=CC=CC=C1
CHEMBL144625; 0.849; COC1=C(OC2=CC=CC=C2C1=O)C1=CC=CC=C1
CHEMBL2420089; 0.746; COC1=C(OC2=C(C=CC3=CC=CC=C23)C1=O)C1=CC=CC=C1
CHEMBL2420102; 0.713; COC1=CC=C(C=C1)C1=C(OC)C(=O)C2=CC=CC=C2O1
CHEMBL147552; 0.712; OC1=CC=CC(=C1)C1=CC(=O)C2=CC=CC=C2O1
CHEMBL283196; 0.641; O=C1C=C(OC2=C1C=CC1=CC=CC=C21)C1=CC=CC=C1
CHEMBL2420096; 0.634; COc1ccc(cc1)c1c(O)c(=O)c2c(o1)ccc1ccccc21
CHEMBL2420086; 0.634; COc1ccc(cc1)c1c(O)c(=O)c2c(o1)c1ccccc1cc2
CHEMBL275638; 0.616; O=C1C=C(OC2=CC=CC=C12)C1=CC=CC=C1
CHEMBL138649; 0.591; Oc1ccc2oc(cc(=O)c2c1)c1ccccc1
CHEMBL75772; 0.574; COC1=CC(OC)=C2C(=O)C(OC)=C(OC2=C1)C1=CC=CC=C1
CHEMBL150; 0.541; Oc1ccc(cc1)c1c(O)c(=O)c2c(O)cc(O)cc2o1
CHEMBL2420103; 0.538; COC1=C(OC)C=C(C=C1)C1=C(OC)C(=O)C2=CC=CC=C2O1
CHEMBL484663; 0.530; Oc1ccc(cc1)c1cc(=O)c2cc(O)ccc2o1
CHEMBL327209; 0.526; Oc1ccc(cc1)c1cc(=O)c2ccccc2o1
CHEMBL2420092; 0.511; COC1=C(F)C=CC(=C1)C1=C(OC)C(=O)C2=C(O1)C1=CC=CC=C1C=C2
CHEMBL2420099; 0.506; COc1ccc(cc1)c1c(OC)c(=O)c2c(o1)ccc1ccccc21
CHEMBL2420090; 0.506; COc1ccc(cc1)c1c(OC)c(=O)c2c(o1)c1ccccc1cc2
CHEMBL31574; 0.488; Oc1ccc2c(oc(c(O)c2=O)c2ccc(O)c(O)c2)c1
CHEMBL475908; 0.483; Oc1ccc2c(=O)cc(oc2c1)c1c(O)cccc1
CHEMBL276915; 0.467; Oc1ccc2c(=O)cc(oc2c1)c1ccccc1
CHEMBL170405; 0.455; Oc1ccc2c(oc(c(O)c2=O)c2cc(O)c(O)c(O)c2)c1
CHEMBL28626; 0.455; Oc1cc(O)c(cc1)c1c(O)c(=O)c2c(O)cc(O)cc2o1
CHEMBL300814; 0.453; Oc1c(O)cc2c(=O)cc(oc2c1)c1ccccc1
CHEMBL16807; 0.448; Oc1c2c(=O)cc(oc2ccc1)c1ccccc1
CHEMBL143978; 0.447; COC1=C2C(=O)C=C(OC2=CC=C1)C1=CC=C(F)C=C1
CHEMBL53738; 0.446; FC1=CC=C(C=C1)C1=CC(=O)C2=CC=CC=C2O1
CHEMBL26260; 0.439; O=c1cc(oc2c1c1ccccc1cc2)c1ccccc1
CHEMBL2386394; 0.434; FC1=C2C(=O)C=C(OC2=CC=C1)C1=CC=CC=C1
CHEMBL420982; 0.431; Oc1ccc(cc1)c1cc(=O)c2ccc(O)c(O)c2o1
CHEMBL294099; 0.427; BrC1=CC=C(C=C1)C1=CC(=O)C2=CC=CC=C2O1
CHEMBL50; 0.423; Oc1cc(O)c2c(oc(c(O)c2=O)c2ccc(O)c(O)c2)c1
CHEMBL164; 0.423; Oc1cc(O)c2c(oc(c(O)c2=O)c2cc(O)c(O)c(O)c2)c1
CHEMBL294878; 0.413; Oc1ccc(cc1)c1cc(=O)c2ccc(O)cc2o1
CHEMBL16312; 0.413; COc1ccc(cc1)c1cc(=O)c2ccccc2o1
CHEMBL2420093; 0.413; COc1ccc(cc1)c1cc(=O)c2c(o1)ccc1ccccc21
CHEMBL2420082; 0.413; COc1ccc(cc1)c1cc(=O)c2c(o1)c1ccccc1cc2
CHEMBL2420097; 0.408; COc1c(OC)cc(cc1)c1c(O)c(=O)c2c(o1)ccc1ccccc21
CHEMBL2420087; 0.408; COc1c(OC)cc(cc1)c1c(O)c(=O)c2c(o1)c1ccccc1cc2
CHEMBL205219; 0.401; O=c1cc(oc2ccccc12)c1ccc(cc1)c1ccc(cc1)c1cc(=O)c2ccccc2o1
CHEMBL2386405; 0.401; FC1=CC=C(C=C1)C1=CC(=O)C2=C(F)C=CC=C2O1
CHEMBL16861; 0.401; Cc1ccc(cc1)c1cc(=O)c2ccccc2o1
CHEMBL6492; 0.398; Oc1ccc(c(O)c1)c1cc(=O)c2ccc(O)cc2o1
CHEMBL117; 0.396; Oc1cc(O)c2c(=O)cc(oc2c1)c1ccccc1
CHEMBL222556; 0.396; Oc1c(O)cc(cc1)c1cc(=O)c2ccccc2o1
CHEMBL2431800; 0.391; COC(=O)C1=CC=C(C=C1)C1=CC(=O)C2=CC=CC=C2O1
CHEMBL8260; 0.384; Oc1c(O)c(O)c2c(=O)cc(oc2c1)c1ccccc1
CHEMBL147199; 0.379; COc1ccc2c(=O)c(O)c(oc2c1)c1cc(O)c(O)cc1
CHEMBL35482; 0.375; COC1=CC=CC(=C1N)C1=CC(=O)C2=CC=CC=C2O1
CHEMBL234338; 0.372; Oc1ccc(cc1)c1cc(=O)c2c(O)c(O)c(O)c(O)c2o1
CHEMBL253786; 0.364; Oc1ccc2c(=O)cc(oc2c1)c1cc(O)ccc1
CHEMBL2331821; 0.352; COc1ccc(cc1)c1c(O)c(=O)c2c(OC)cc(OC)cc2o1
CHEMBL388844; 0.349; Oc1ccc(cc1)c1cc(=O)c2cc(I)ccc2o1
CHEMBL28; 0.349; Oc1ccc(cc1)c1cc(=O)c2c(O)cc(O)cc2o1
CHEMBL16782; 0.349; COc1ccc2c(=O)cc(oc2c1)c1ccccc1
CHEMBL222541; 0.339; Oc1ccc2c(=O)cc(oc2c1O)c1cc(O)c(O)cc1
CHEMBL55415; 0.339; Oc1ccc(cc1)c1cc(=O)c2c(O)c(O)c(O)cc2o1
CHEMBL165064; 0.327; COc1c(oc2cc(O)cc(O)c2c1=O)c1ccc(O)cc1
CHEMBL89093; 0.322; CC(C)OC1=C(C=CC(C)=C1)C1=C(Cl)C(=O)C2=CC(Cl)=CC=C2O1
CHEMBL16751; 0.320; COc1ccc(cc1)c1cc(=O)c2ccc(O)cc2o1
CHEMBL2420100; 0.315; COc1c(OC)cc(cc1)c1c(OC)c(=O)c2c(o1)ccc1ccccc21
CHEMBL2420091; 0.315; COc1c(OC)cc(cc1)c1c(OC)c(=O)c2c(o1)c1ccccc1cc2
CHEMBL168080; 0.314; Cc1ccc(cc1)c1cc(=O)c2c(C)c(C)c(C)cc2o1
CHEMBL2386406; 0.308; FC1=C2C(=O)C=C(OC2=CC=C1)C1=CC=C(C=C1)C#N
CHEMBL301624; 0.307; Oc1ccc2c(=O)cc(oc2c1)c1cc(O)c(O)cc1
CHEMBL77198; 0.304; COc1ccc2c(=O)c(O)c(oc2c1)c1cc(OC)c(OC)cc1
CHEMBL2431867; 0.304; CC(C)c1ccc(cc1)c1cc(=O)c2ccccc2o1
CHEMBL2386393; 0.294; Oc1c2c(=O)cc(oc2ccc1)c1ccc(F)cc1
CHEMBL2431804; 0.294; O=c1cc(oc2ccccc12)c1ccc(cc1)c1nnn[nH]1
CHEMBL2431802; 0.290; O=c1cc(oc2ccccc12)c1ccc(cc1)C#N
CHEMBL165822; 0.282; OC(=O)c1ccc(cc1)c1cc(=O)c2ccccc2o1
CHEMBL351607; 0.282; COc1c(O)cc2oc(c(OC)c(=O)c2c1O)c1ccc(O)cc1
CHEMBL61745; 0.277; Fc1ccc2oc(cc(=O)c2c1)c1ccccc1
CHEMBL293478; 0.277; Clc1ccc2oc(cc(=O)c2c1)c1ccccc1
CHEMBL16783; 0.277; Clc1ccc(cc1)c1cc(=O)c2ccccc2o1
CHEMBL464107; 0.275; Oc1c(O)cc(cc1)c1cc(=O)c2c(O)c(O)c(O)cc2o1
CHEMBL424829; 0.275; COc1c(O)ccc(c1)c1cc(=O)c2cc(O)ccc2o1
CHEMBL183513; 0.275; COc1c(O)cc2oc(cc(=O)c2c1O)c1ccccc1
CHEMBL356036; 0.272; COc1ccc(cc1)c1c(OC)c(=O)c2c(OC)cc(OC)cc2o1
CHEMBL151; 0.271; Oc1cc(O)c2c(=O)cc(oc2c1)c1cc(O)c(O)cc1
CHEMBL268675; 0.271; Nc1c(O)cc2oc(cc(=O)c2c1O)c1ccccc1
CHEMBL224064; 0.271; COc1ccc(cc1)c1cc(=O)c2cc(I)ccc2o1
CHEMBL243664; 0.271; COc1ccc(cc1)c1cc(=O)c2c(O)cc(O)cc2o1
CHEMBL97760; 0.270; OC1=C2C=CC(Cl)=NC2=NC(=C1)C1=CC=CC=C1
CHEMBL222539; 0.267; Nc1c(N)cc(cc1)c1cc(=O)c2ccc(O)c(O)c2o1
CHEMBL466800; 0.264; O=c1cc(oc2cc(Oc3ccc4oc(cc(=O)c4c3)c3ccccc3)ccc12)c1ccccc1
CHEMBL148826; 0.264; COc1ccc(cc1)c1cc(=O)c2c(O)cc(C)cc2o1
CHEMBL3297746; 0.262; COc1c(oc2c(O)c(O)ccc2c1=O)c1ccc(O)c(O)c1
CHEMBL97687; 0.259; OC1=C2C=CC(Br)=NC2=NC(=C1)C1=CC=CC=C1
CHEMBL2431868; 0.258; CN(C)c1ccc(cc1)c1cc(=O)c2ccccc2o1
CHEMBL103150; 0.252; CCCC1=CC(O)=C2C=CC(C)=NC2=N1
CHEMBL477980; 0.251; COc1c2oc(cc(=O)c2c(O)c(O)c1O)c1ccccc1
CHEMBL599149; 0.249; COc1ccc(cc1)c1cc(=O)c2ccc(F)cc2o1
CHEMBL2420094; 0.249; COc1c(OC)cc(cc1)c1cc(=O)c2c(o1)ccc1ccccc21
CHEMBL2420083; 0.249; COc1c(OC)cc(cc1)c1cc(=O)c2c(o1)c1ccccc1cc2
CHEMBL225228; 0.247; COc1ccc2c(=O)cc(oc2c1O)c1cc(O)c(O)cc1
CHEMBL16171; 0.247; COc1c2oc(cc(=O)c2c(O)cc1O)c1ccccc1
CHEMBL478439; 0.244; COc1c(oc2cc(O)c(O)c(O)c2c1=O)c1ccc(O)c(O)c1
CHEMBL483633; 0.241; O=C1C=C(OC2=CC=CC=C12)C1=CC=C2OCOC2=C1
CHEMBL218288; 0.235; OC1=C(C=CC2=CC=CN=C12)C(=O)NC1=CC=CC=C1
CHEMBL575808; 0.235; COc1ccc2c(=O)c(OC)c(oc2c1)c1ccc(OC)c(OC)c1
CHEMBL2178291; 0.235; CCC1=CC(O)=C(OC2=CC=CN=C2F)C=C1F
CHEMBL3288714; 0.234; OC1=C(OCC2=CC=C(F)C=C2)C=C2OC(=CC(=O)C2=C1O)C1=CC=CC=C1
CHEMBL599148; 0.231; Cc1ccc(cc1)c1cc(=O)c2ccc(F)cc2o1
CHEMBL344504; 0.229; COc1ccc2c(=O)cc(oc2c1)c1ccc(F)cc1
CHEMBL487810; 0.227; COc1c(O)cc2oc(c(OC)c(=O)c2c1O)c1cc(O)c(O)cc1
CHEMBL277148; 0.225; OC1=C2C=CC=CC2=NC(=C1)C1=CC=CC=C1
CHEMBL466807; 0.225; COc1ccc(cc1)c1cc(=O)c2cc(Oc3ccc4c(=O)cc(oc4c3)c3ccccc3)ccc2o1
CHEMBL516438; 0.224; COc1c2oc(cc(=O)c2c(O)c(O)c1O)c1ccc(O)cc1
CHEMBL477981; 0.224; COc1c(O)c(O)c2c(=O)cc(oc2c1OC)c1ccccc1
CHEMBL218493; 0.223; OC1=C(C=CC2=CC=CN=C12)C(=O)NC1=CC=CC(=C1)C#N
CHEMBL404515; 0.212; Oc1cc2[o+]c(c(O)cc2c(O)c1)c1cc(O)c(O)cc1
CHEMBL590878; 0.212; Oc1cc(O)c2cc(O)c([o+]c2c1)c1cc(O)c(O)c(O)c1
CHEMBL222132; 0.212; Oc1c(O)cc(cc1)c1cc(=O)c2cc(Cl)c(O)c(O)c2o1
CHEMBL539987; 0.212; Cc1ccc2oc(cc(=O)c2c1)c1ccc(OCCOCCOCCOCCOCCOc2ccc(cc2)c2cc(=O)c3cc(C)ccc3o2)cc1
CHEMBL2075017; 0.212; COc1ccc(c(OC)c1)c1c(OC)c(=O)c2c(O)cc(OC)cc2o1
CHEMBL485677; 0.212; COc1c(O)c(O)c2c(=O)c(OC)c(oc2c1)c1ccc(O)c(O)c1
CHEMBL476120; 0.208; COc1c(O)c(OC)c2oc(cc(=O)c2c1O)c1ccc(O)cc1
CHEMBL348436; 0.207; COc1c(OC)c(O)c2c(=O)cc(oc2c1)c1ccc(O)cc1
CHEMBL2431799; 0.207; CCOC(=O)c1ccc(cc1)c1cc(=O)c2ccccc2o1
CHEMBL75169; 0.204; COc1cc(OC)c(cc1)c1c(OC)c(=O)c2c(OC)cc(OC)cc2o1
CHEMBL449222; 0.204; COc1cc(O)c2c(=O)cc(oc2c1O)c1ccc(O)c(O)c1
CHEMBL162550; 0.204; COc1c2oc(c(OC)c(=O)c2c(O)cc1O)c1ccc(O)c(O)c1
CHEMBL90568; 0.203; COc1c(O)cc(cc1)c1cc(=O)c2c(O)cc(O)cc2o1
CHEMBL2420084; 0.203; COc1c(F)ccc(c1)c1cc(=O)c2c(o1)c1ccccc1cc2
CHEMBL443975; 0.203; CC1=CC(NC(=O)C2=CC=CC=C2)=C(O)C=C1
CHEMBL375582; 0.200; COc1ccc2oc(cc(=O)c2c1OC)c1c(OC)cccc1OC
CHEMBL312073; 0.200; COc1ccc(cc1)c1cc(=O)c2c(O)c(OC)c(O)c(OC)c2o1
CHEMBL478426; 0.200; COc1c(O)c(O)c2c(=O)cc(oc2c1OC)c1ccc(O)cc1
CHEMBL491366; 0.197; COc1c(OC)c(O)c2c(=O)c(OC)c(oc2c1)c1cc(O)c(O)cc1
CHEMBL477803; 0.197; COc1c(O)c(OC)c2c(=O)c(OC)c(oc2c1)c1ccc(O)c(O)c1
CHEMBL476314; 0.192; COc1c(O)c(O)c2c(=O)cc(oc2c1)c1ccc(O)c(O)c1
CHEMBL77966; 0.191; COc1cc(O)c2c(=O)c(OC)c(oc2c1)c1ccc(OC)c(OC)c1
CHEMBL214321; 0.188; COc1c(O)ccc(c1)c1cc(=O)c2c(O)cc(O)cc2o1
CHEMBL511200; 0.186; OC1=C(C=C(Cl)C=C1)N1C=C(CC2=CC=CC=C2)N=N1
CHEMBL478874; 0.186; COc1c2oc(cc(=O)c2c(O)c(O)c1O)c1ccc(O)c(O)c1
CHEMBL476121; 0.186; COc1c(OC)c(OC)c2oc(cc(=O)c2c1O)c1ccc(O)cc1
CHEMBL507644; 0.186; COc1c(O)c(OC)c2c(=O)cc(oc2c1OC)c1ccc(O)cc1
CHEMBL2013189; 0.185; COc1c(O)cc2oc(cc(=O)c2c1O)c1ccc(F)cc1
CHEMBL477562; 0.184; COc1c(OC)c(OC)c2c(=O)c(OC)c(oc2c1)c1cc(O)c(O)cc1
CHEMBL260585; 0.182; OC1=C(OC2=CC=C(Cl)C=C2Cl)C=CC(CC2=NC=CC=C2)=C1
CHEMBL204948; 0.182; O=c1cc(oc2ccccc12)c1ccc(cc1)c1c(oc2ccccc2c1=O)c1ccccc1
CHEMBL2019152; 0.182; NC1=C(C(O)=C2C=C(Cl)C=CC2=N1)C1=CC=CC=C1
CHEMBL479078; 0.182; COc1cc(OC)c2c(=O)cc(oc2c1O)c1ccc(O)c(O)c1
CHEMBL476730; 0.182; COc1c2oc(cc(=O)c2c(O)cc1O)c1ccc(O)c(O)c1
CHEMBL198760; 0.182; CC1=NC2=NC=C(CC3=CC=CC=C3)C(O)=C2C=C1
CHEMBL479077; 0.179; COc1c(OC)c(OC)c2c(=O)cc(oc2c1OC)c1ccc(O)cc1
CHEMBL19032; 0.178; COc1cc(OC)c2c(=O)c(OC)c(oc2c1)c1ccc(OC)c(OC)c1
CHEMBL476731; 0.178; COc1c2c(=O)c(OC)c(oc2c(OC)c(O)c1)c1ccc(O)c(O)c1
CHEMBL478875; 0.178; COc1c(O)c(OC)c2c(=O)cc(oc2c1)c1ccc(O)c(O)c1
CHEMBL222354; 0.176; Oc1ccc2c(=O)c(F)c(oc2c1O)c1cc(O)c(O)cc1
CHEMBL195357; 0.176; CC1=NC2=NC=C(CC3=C(Cl)C=CC=C3)C(O)=C2C=C1
CHEMBL367588; 0.174; Oc1ccc(cc1)c1cc2cc(O)ccc2o1
CHEMBL2347828; 0.174; OC1=C(OC2=CC=C3N=CC=CC3=C2)C=CC(Cl)=C1
CHEMBL241830; 0.174; COc1ccc2c(=O)cc(oc2c1)c1ccc(CN(C)Cc2ccccc2)cc1
CHEMBL454320; 0.174; COc1cc(cc(OC)c1O)c1cc(=O)c2c(O)cc(O)cc2o1
CHEMBL122809; 0.174; CCOC(=O)CCC1=CC=C2C=CC=CC2=C1O
CHEMBL460598; 0.173; COc1ccc(c(OC)c1)c1cc(=O)c2cc(Oc3ccc4c(=O)cc(oc4c3)c3ccccc3)ccc2o1
CHEMBL72637; 0.171; COc1c(OC)c(O)c2c(=O)cc(oc2c1)c1ccc(O)c(O)c1
CHEMBL64780; 0.168; [O-][N+](=O)c1ccc(cc1)c1cc(=O)c2ccccc2o1
CHEMBL224643; 0.168; CNc1ccc(cc1)c1cc(=O)c2cc(I)ccc2o1
CHEMBL375934; 0.168; CN(C)c1ccc(cc1)c1cc(=O)c2cc(I)ccc2o1
CHEMBL184147; 0.167; OC1=C(NC(=O)NC2=C(Br)C=CC=C2)C=CC(Cl)=C1
CHEMBL447936; 0.167; COc1cc(ccc1O)c1cc(=O)c2c(O)c(O)c(O)c(OC)c2o1
CHEMBL478440; 0.167; COc1c(O)c(O)c2c(=O)cc(oc2c1OC)c1ccc(O)c(O)c1
CHEMBL476364; 0.166; COc1cc(OC)c2c(=O)c(OC)c(oc2c1OC)c1cc(O)c(O)cc1
CHEMBL200533; 0.165; OC1=CC(Cl)=CC=C1OC1=C(Cl)C=C(CC#N)C=C1
CHEMBL2019153; 0.165; NC1=C(C(O)=C2C=CC(Cl)=CC2=N1)C1=CC=CC=C1
CHEMBL2178289; 0.165; CCC1=CC(O)=C(OC2=CC=CN=C2N)C=C1F
CHEMBL426182; 0.163; Oc1ccc2c(=O)c(Cl)c(oc2c1O)c1cc(O)c(O)cc1
CHEMBL550256; 0.161; Oc1c(O)cc(cc1)c1c(O)c(=O)c2c(O)cc(OCc3ccc(Cl)cc3)cc2o1
CHEMBL2409466; 0.161; CCOc1cc(O)c2c(=O)cc(oc2c1)c1cc(O)c(O)cc1
CHEMBL331788; 0.160; CN1C=CN=C1CC1=CC=C2C=CC=CC2=C1O
CHEMBL73016; 0.159; COc1c(OC)c(OC)c2c(=O)cc(oc2c1)c1ccc(O)c(O)c1
CHEMBL222490; 0.158; COc1ccc2c(=O)cc(oc2c1OC)c1cc(N)c(N)cc1
CHEMBL76188; 0.158; COc1cc(O)c2c(=O)cc(oc2c1OC)c1ccc(O)c(O)c1
CHEMBL478441; 0.158; COc1c2c(=O)cc(oc2c(OC)c(O)c1)c1ccc(O)c(O)c1
CHEMBL481577; 0.158; CCOC1=CC=CC=C1C(=O)NC1=C(O)C=CC(Cl)=C1
CHEMBL2178304; 0.158; CCC1=CC(O)=C(OC2=CC=CC=C2F)C=C1F
CHEMBL2030689; 0.158; CC(C)C1=NC(=NC(N)=N1)C1=C(O)C=CC=C1
CHEMBL2386404; 0.157; Fc1c2c(=O)cc(oc2ccc1)c1ccc(Cl)cc1
CHEMBL97286; 0.156; ClC1=CC=C2NC(=O)C3=NC(=NN3C2=C1)C1=CSC=C1
CHEMBL479233; 0.156; COc1cc(ccc1O)c1cc(=O)c2c(O)c(OC)c(O)c(OC)c2o1
CHEMBL312790; 0.156; COc1c(OC)c(OC)c2oc(cc(=O)c2c1O)c1ccc(O)c(O)c1
CHEMBL476554; 0.156; COc1c(O)c(OC)c2c(=O)cc(oc2c1OC)c1ccc(O)c(O)c1
CHEMBL2431803; 0.155; O=C(OCC#N)c1ccc(cc1)c1cc(=O)c2ccccc2o1
CHEMBL504160; 0.154; CC1=CC=C2N(N=NC2=C1)C(=O)C1=CC=CC=C1O
CHEMBL487213; 0.153; COc1c(O)ccc(c1)c1cc(=O)c2c(O)c(OC)c(OC)cc2o1
CHEMBL595407; 0.153; CCN(CC)c1ccc(cc1)c1cc(=O)c2cc(OC)c(OC)cc2o1
CHEMBL610457; 0.153; CCN(C)c1ccc(cc1)c1cc(=O)c2cc(OC)c(OC)cc2o1
CHEMBL551131; 0.151; Oc1c(O)cc(cc1)c1c(O)c(=O)c2c(O)cc(OCc3cccc(c3)C#N)cc2o1
CHEMBL551130; 0.151; Oc1c(O)cc(cc1)c1c(O)c(=O)c2c(O)cc(OCc3cccc(Cl)c3)cc2o1
CHEMBL1288045; 0.151; OC1=C(C=CC=C1)C(N=NC1=CC=CC=C1)C1=C(O)C=CC=C1
CHEMBL438292; 0.150; COc1c(OC)c(OC)c2c(=O)cc(oc2c1OC)c1cc(O)c(O)cc1
CHEMBL2408237; 0.149; OC1=CC=CC=C(C2=CC=CC=C2)C1=O
CHEMBL142916; 0.149; CC1=C(C)C2=CC(O)=C(OCC3=CC=CC=C3)C=C2OC1=O
CHEMBL241827; 0.148; COc1c(OC)cc2c(=O)cc(oc2c1)c1ccc(CN(C)Cc2ccccc2)cc1
CHEMBL72807; 0.147; COc1cc(OC)c2c(=O)cc(oc2c1OC)c1ccc(O)c(O)c1
CHEMBL3288958; 0.146; Oc1cc(OCc2ccc(F)cc2)c2c(=O)c(O)c(oc2c1)c1cc(O)c(O)cc1
CHEMBL2178303; 0.146; CCC1=CC(O)=C(OC2=CC=CC=C2)C=C1F
CHEMBL56730; 0.144; Oc1c(cc2c(=O)cc(oc2c1)c1ccccc1)[N+](=O)[O-]
CHEMBL138031; 0.144; CNCCC(OC1=C2C=CC=CC2=CC=C1)C1=NC=CS1
CHEMBL1774834; 0.144; CC1=NC(N)=NC(=C1)C1=C(Cl)C=CC=C1O
CHEMBL513042; 0.143; CC(=O)C1=C(O)C2=C(Cl)C=CC(Br)=C2N=C1NC1=CC=C(Cl)C=C1
CHEMBL390725; 0.142; Oc1ccc2c(=O)cc(oc2c1O)c1ccc2nc[nH]c2c1
CHEMBL258932; 0.141; CCCCCCC1=CC=C(OC2=NC=CN=C2)C(O)=C1
CHEMBL477767; 0.140; COc1c(O)ccc(c1)c1cc(=O)c2c(OC)c(O)c(OC)c(OC)c2o1
CHEMBL448335; 0.139; COC1=CC=C(Cl)C=C1C(=O)NC1=C(O)C=CC(C)=C1
CHEMBL1353974; 0.139; CC1=CC=C(C=C1)C1=CC(O)=C2C=CC=CC2=N1
CHEMBL1487619; 0.138; CCC(=O)NC(C1CC1)C1=CC(Cl)=C2C=CC=NC2=C1O
CHEMBL209849; 0.138; CC(=O)ON=C1C(=NC2=CC=CC=C12)C1C(=O)NC2=C1C=CC=C2
CHEMBL225211; 0.137; Oc1ccc2c(=O)c(C#N)c(oc2c1O)c1cc(O)c(O)cc1
CHEMBL365290; 0.136; Cc1c2oc(cc2cc(O)c1)c1ccc(O)cc1
CHEMBL256409; 0.136; CN1C(=N)N(CC(=O)C2=CC=C(Cl)C=C2)C2=CC=CC(Cl)=C12
CHEMBL2178305; 0.136; CCC1=CC(O)=C(OC2=CC=C(C=C2F)C#N)C=C1F
CHEMBL209723; 0.135; COC1=C(CC=C(C)C)C(O)=C2C(=O)OCC2=C1C
CHEMBL123317; 0.135; CCOC1=C(CC2=CC=C3C=CC=CC3=C2O)C=CC=C1
CHEMBL340821; 0.133; OC1=C2C=CC=CC2=CC=C1CC1=NC=CC=C1
CHEMBL258123; 0.133; CN1C(=N)N(CC(=O)C2=CC=C(Cl)C(Cl)=C2)C2=CC=CC=C12
CHEMBL2409468; 0.133; CCCCOc1cc(O)c2c(=O)cc(oc2c1)c1cc(O)c(O)cc1
CHEMBL260753; 0.132; CCC1=CC(O)=C(OC2=CC=C(Cl)C=C2Cl)C=C1
CHEMBL122747; 0.130; OC1=C2C=CC=CC2=CC=C1CC1=CC=CN=C1
CHEMBL14930; 0.130; OC1=C(SCC2=CC=CC=C2)C(=O)OC(=C1)C1=CC=CC=C1
CHEMBL221971; 0.130; OC1=C(C=CC2=CC=CN=C12)C(=O)NCCC1=CC=CC=C1
CHEMBL503575; 0.130; COC1=C(C=CC(=C1)C1=C(O)C=CC=C1)C#N
CHEMBL84730; 0.130; CC(C)NC(=O)C1=C(O)C=CC(F)=C1
CHEMBL470707; 0.130; CC(=O)C1=C(O)C2=C(Br)C=CC(Br)=C2N=C1NC1=CC=C(Br)C=C1
CHEMBL263896; 0.127; CCCC1=CC(O)=C(OC2=CC=C(Cl)C=C2Cl)C=C1
CHEMBL1275834; 0.125; Oc1cc2[o+]c(ccc2c(O)c1)c1cc(O)c(O)cc1
CHEMBL3288713; 0.125; Oc1c(O)cc(cc1)c1c(O)c(=O)c2c(O)cc(cc2o1)N1CCOCC1
CHEMBL361226; 0.125; COc1c2oc(cc2cc(O)c1)c1ccc(O)cc1
CHEMBL245055; 0.124; COc1c(OC)cc2c(=O)cc(oc2c1)c1cc(CN(C)Cc2ccccc2)ccc1
CHEMBL180964; 0.124; CC1=CC=CC(NC(=O)C2=NC(C)=CC=C2O)=N1
CHEMBL380334; 0.124; CC1=CC(C)=C(N1)\C=C1/C(=O)NN=C1C1=NC=CN=C1
CHEMBL471915; 0.123; CC(=O)C1=C(O)C2=C(Cl)C=CC(Cl)=C2N=C1NC1=CC=C(Cl)C=C1Cl
CHEMBL221604; 0.121; OC1=C(C=CC2=CC=CN=C12)C(=O)NCCC1=CC=C(Cl)C=C1
CHEMBL124956; 0.121; CCOC(=O)CCCC(N=O)C1=CC=C2C=CC=CC2=C1O
CHEMBL1770486; 0.121; CC1=NN(C(C1)C1=C(O)C=CC=C1)C(=O)C1=CC=CC=C1
CHEMBL487518; 0.121; CC1=NC2=NC=NN2C(NC2=C(O)C=C3C=CC=CC3=C2)=C1
CHEMBL145158; 0.120; OC1=C(OCC2=CC=NC3=C2NC(=O)C2=C(N=CC=C2)N3C2CC2)C=CC=C1
CHEMBL595631; 0.120; CCN(CC)c1cc(ccc1)c1cc(=O)c2cc(OC)c(OC)cc2o1
CHEMBL1531895; 0.119; CCC(=O)NC(C(C)C)C1=CC(Cl)=C2C=CC=NC2=C1O
CHEMBL2336353; 0.117; OC1=C(NC(=O)\C=C\C2=CC=CC=C2)C=CC=C1
CHEMBL3264461; 0.117; CCCCCCC(C)OC(=O)C(Br)=C(C)O
CHEMBL3112922; 0.117; CC1=CC(Cl)=CC=C1NC(C1=NC=CC=C1)C1=CC=C2C=CC=NC2=C1O
CHEMBL1269660; 0.116; NC(=S)NN=C(C1=CC(Br)=CS1)C1=CC=CC(Br)=C1
CHEMBL2013188; 0.116; COc1c(O)cc2oc(cc(=O)c2c1O)c1ccc(cc1)[N+](=O)[O-]
CHEMBL1808856; 0.115; OC1=C(CN(C(=O)NC2=CC=CC=C2)C2=CC=CC=C2Cl)C=C(Br)C=C1Br
CHEMBL514196; 0.115; O=C1N(N=C2N1C1=CC=CN=C1NC2=O)C1=CC=CC=C1
CHEMBL258931; 0.115; CCCCCCC1=CC=C(OC2=NC=CC=N2)C(O)=C1
CHEMBL1834229; 0.115; CCC1CN(N=C1)C(=N)NS(=O)(=O)C1=CC(Cl)=CC=C1
CHEMBL258569; 0.115; CC1=CC(O)=C(OC2=CC=C(Cl)C=C2Cl)C=C1
CHEMBL2147420; 0.115; C/C=C/c1ccc2oc(cc2c1)c1c(O)cc(O)cc1
CHEMBL1605743; 0.113; Oc1ccc2c(oc3cc(=O)ccc3c2c2ccccc2)c1
CHEMBL222757; 0.113; Oc1ccc2c(=O)cc(oc2c1O)c1ccc2[nH]c(=O)[nH]c2c1
CHEMBL1808858; 0.113; OC1=C(CN(C(=O)NC2=CC=CC=C2)C2=CC=CC=C2Br)C=C(Br)C=C1Br
CHEMBL1934804; 0.113; OC1=C(C=CC=C1)C1=NC2=CNC3=CC(Br)=CC=C3C2=N1
CHEMBL512578; 0.112; Oc1ccc2cc(oc2c1)c1cc(O)cc(O)c1
CHEMBL175266; 0.112; Cc1c2cc(O)c(=O)cc2oc2cc(O)c(O)cc12
CHEMBL255837; 0.112; CN1C(=N)N(CC(=O)C2=CC=C(Br)C=C2)C2=CC=CC=C12
CHEMBL2409470; 0.112; CCCCCCOc1cc(O)c2c(=O)cc(oc2c1)c1cc(O)c(O)cc1
CHEMBL2407907; 0.111; OC1=CC=CC=C1\C=C1/C(=O)NC2=CC=CC=C12
CHEMBL2431801; 0.110; CN1CCN(CC1)C(=O)c1ccc(cc1)c1cc(=O)c2ccccc2o1
CHEMBL523885; 0.109; Oc1ccc(cc1)c1c(Cc2ccc(cc2)c2ccc(O)c(O)c2)c(=O)c2ccccc2o1
CHEMBL180920; 0.109; OC1=C(C=C(CC=C)C=C1)C1=C(O)C=CC(CC=C)=C1
CHEMBL1269713; 0.109; NC(=S)NN=C(C1=CC=C(Br)S1)C1=CC=CC(Br)=C1
CHEMBL3260334; 0.108; ClC1=CC(COC2=C(OC3CNC3)C=C(Br)C=C2)=CC=C1
CHEMBL595616; 0.108; COc1c(OC)cc2c(=O)cc(oc2c1)c1ccc(cc1)N1CCCC1
CHEMBL2386747; 0.108; COC(=N)C1=NC2=C(S1)C1=C(NC3=C(Cl)C=C(Cl)C=C3)N=CN=C1C=C2
CHEMBL2393069; 0.108; CN(C)CCCCOc1ccc2c(=O)cc(oc2c1C)c1ccccc1
CHEMBL1362554; 0.108; CC1=C(Br)C=CC(OCC(=O)NN2C=NN=C2)=C1
CHEMBL371562; 0.108; CC(=CCc1c2oc(cc(=O)c2c(O)cc1O)c1ccc(O)cc1)C
CHEMBL260600; 0.107; OC1=CC(CC2=CC=CN=C2)=CC=C1OC1=C(Cl)C=C(Cl)C=C1
CHEMBL2177351; 0.107; OC1=C(\C=C2/OC3=C(C=CC=C3)C2=O)C=C(Br)C=C1
CHEMBL2347845; 0.107; OC1=C(OC2=CC=C3C=CC=CC3=C2)C=CC(Cl)=C1
CHEMBL180030; 0.107; OC1=C(C=CC=C1)C1=NC2=CC=CC=C2C(=O)N1CCC1=CC=CC=C1
CHEMBL2147422; 0.107; C/C=C/c1ccc2oc(cc2c1)c1ccc(O)cc1
CHEMBL492717; 0.106; Oc1ccc(cc1)c1c(Cc2ccc(cc2)c2ccccc2)c(=O)c2ccc(O)cc2o1
CHEMBL492708; 0.106; Oc1ccc(cc1)c1c(Cc2ccc(cc2)c2ccc(O)cc2)c(=O)c2ccc(O)cc2o1
CHEMBL459374; 0.106; Oc1c2c(=O)cc(oc2cc(OCCO[N+](=O)[O-])c1)c1ccccc1
CHEMBL235708; 0.105; O=C(NN=C(C1=CC=CC=C1)C1=CC=CC=C1)NC1=NNC(=S)S1
CHEMBL2386762; 0.105; COC(=N)C1=NC2=C(S1)C1=C(NC3=CC=C(Cl)C=C3)N=CN=C1C=C2
CHEMBL2204236; 0.104; FC1=CC=C(NC(=O)C2=CC=CS2)C(=C1)C1=NC2=CC=CC=C2NC1=O
CHEMBL1094828; 0.104; COC1=CC=C2C=CC=CC2=C1C1=C(O)C=CC2=CC=CC=C12
CHEMBL2070212; 0.104; COC(=O)C(=O)C1C(=O)N(C2=CC=CC=C12)C1=CC=CC=C1
CHEMBL2386744; 0.104; COC(=N)C1=NC2=C(S1)C1=C(NC3=C(F)C=C(Br)C=C3)N=CN=C1C=C2
CHEMBL1370513; 0.104; CCC(=O)NC(C1=CC=CS1)C1=CC=C2C=CC=NC2=C1O
CHEMBL1572233; 0.104; CC(C)C(NC(C)=O)C1=CC(Cl)=C2C=CC=NC2=C1O
CHEMBL2204235; 0.103; ClC1=CC=C(NC(=O)C2=CC=CS2)C(=C1)C1=NC2=CC=CC=C2NC1=O
CHEMBL3112920; 0.103; COC1=CC=C(C)C=C1NC(C1=NC=CC=C1)C1=CC=C2C=CC=NC2=C1O
CHEMBL2287708; 0.103; COC1=C(Cl)N=CC(CN2CCNC2=N[N+]([O-])=O)=C1
CHEMBL399692; 0.103; CN1C=C(\C=C2/C(=O)NN=C2C2=CN=NS2)C2=CC=C(Cl)C=C12
CHEMBL458465; 0.103; CC1=CC2=NC3=CC=CNC3=C2C(C)=C1O
CHEMBL178854; 0.103; CC1=CC(C(=O)NC2=NC(C)=CC=C2)=C(O)C=C1
CHEMBL2178991; 0.103; CC1=C(C)C2=CC=C(OCC3=NNC(=S)S3)C=C2OC1=O
CHEMBL515146; 0.102; Oc1ccc(cc1)c1c(Cc2ccc(cc2)c2ccccc2)c(=O)c2cc(O)c(O)cc2o1
CHEMBL465455; 0.102; OC1=CC=CC=C1C(=O)N1N=NC2=CC(Cl)=CC=C12
CHEMBL1269715; 0.102; NC(=S)NN=C(C1=CN=CC=C1)C1=CC=CC(Br)=C1
CHEMBL600860; 0.102; NC(=S)NN=C(C1=CC(Br)=CC=C1)C1=CC(F)=CC(F)=C1
CHEMBL148333; 0.102; CNCCNS(=O)(=O)C1=C2C=CN=CC2=CC=C1
CHEMBL2393070; 0.102; CN(C)CCCCCOc1ccc2c(=O)cc(oc2c1C)c1ccccc1
CHEMBL2393067; 0.102; CCN(CC)CCCCOc1ccc2c(=O)cc(oc2c1C)c1ccccc1
CHEMBL3093846; 0.102; CCN(CC)CCCCOc1ccc2c(=O)cc(oc2c1)c1ccc(cc1)N(C)C
CHEMBL405402; 0.102; CCCCC1=CC(O)=C(OC2=CC=C(Cl)C=C2Cl)C=C1
CHEMBL1808859; 0.101; OC1=C(CN(C(=O)NC2=CC=CC=C2)C2=CC=C(Br)C=C2)C=C(Br)C=C1Br
CHEMBL2062915; 0.101; NC(=S)NN=C1CCS(=O)(=O)C2=CC(F)=C(F)C=C12
CHEMBL603085; 0.101; NC(=S)NN=C(C1=CC(Br)=CC=C1)C1=CC(Br)=C(F)C=C1
CHEMBL1269659; 0.101; NC(=S)NN=C(C1=C(Br)C=CS1)C1=CC=CC(Br)=C1
CHEMBL2204241; 0.101; FC1=CC=C(C(NC(=O)C2=CC=CS2)=C1)C1=NC2=CC=CC=C2NC1=O
CHEMBL2204240; 0.101; ClC1=CC=C(C(NC(=O)C2=CC=CS2)=C1)C1=NC2=CC=CC=C2NC1=O
CHEMBL445346; 0.101; COC1=CC=C(Cl)C=C1C(=O)NC1=C(O)C=CC(Cl)=C1
CHEMBL360503; 0.101; COC(=O)C1=CN2N=CN=C(NC3=CC=C(Br)C(O)=C3)C2=C1C
CHEMBL272282; 0.101; CN1C(=N)N(CC(=O)C2=CC=C(Cl)C=C2)C2=CC=CC=C12
CHEMBL333180; 0.101; CCOC(=O)C1=C(O)C=C2C=CC(Br)=CC2=C1
CHEMBL1406616; 0.101; CC(=O)NC(C1CC1)C1=CC(Cl)=C2C=CC=NC2=C1O
CHEMBL523822; 0.101; CC(=O)C1=C(O)C2=C(C)C=CC(Cl)=C2N=C1NC1=CC=C(Br)C=C1Br
CHEMBL1392292; 0.099; ClC1=CC=C2OC(=O)C(CC(=O)C3=CC=CS3)=NC2=C1
CHEMBL3217899; 0.099; COC(=O)[C@H](CC(C)C)NC(=O)[C@@H](CC1=CC=CC=C1)C[N+]([O-])=O
CHEMBL2386763; 0.099; COC(=N)C1=NC2=C(S1)C1=C(NC3=CC=CC=C3)N=CN=C1C=C2
CHEMBL2386765; 0.099; COC(=N)C1=NC2=C(S1)C1=C(NC3=CC=C(F)C=C3)N=CN=C1C=C2
CHEMBL2178989; 0.099; CC1=C(C)C2=CC=C(OCC3=NNC(=S)O3)C=C2OC1=O
CHEMBL471418; 0.098; Oc1c2c(=O)cc(oc2cc(OCCCCO[N+](=O)[O-])c1)c1ccccc1
CHEMBL1808846; 0.098; OC1=C(CN(C(=O)NC2=CC=CC=C2)C2=CC=CC=C2F)C=C(Br)C=C1
CHEMBL1808849; 0.098; OC1=C(CN(C(=O)NC2=CC=CC=C2)C2=CC=C(Cl)C=C2)C=C(Br)C=C1
CHEMBL2062918; 0.098; NC(=S)NN=C1CCS(=O)(=O)C2=C(F)C=C(Br)C=C12
CHEMBL261454; 0.098; N1C=C(C(=N1)C1=NC=CC=C1)C1=C2C=CC=CC2=NC=C1
CHEMBL508698; 0.098; FC1=CC=CC(NC(=O)C2=CC3=CC=CC=C3OC2=O)=C1
CHEMBL493601; 0.098; ClC1=CC(Br)=C2OC(=O)C(=CC2=C1)C(=O)NC1=CC=CC=C1
CHEMBL2392936; 0.098; Cc1c2oc(cc(=O)c2ccc1OCCN1CCCC1)c1ccccc1
CHEMBL2392937; 0.098; Cc1c2oc(cc(=O)c2ccc1OCCCN1CCCC1)c1ccccc1
CHEMBL607571; 0.098; COc1ccc(cc1)c1cc(=S)c2ccccc2o1
CHEMBL593998; 0.098; COc1c(OC)cc2c(=O)cc(oc2c1)c1ccc(cc1)N1CCCCC1
CHEMBL235692; 0.098; CC(=NNC(=O)NC1=NNC(=S)S1)C1=CC=CC=C1
CHEMBL235501; 0.098; CC(=NNC(=O)NC1=NNC(=S)S1)C1=CC=C(Br)C=C1
CHEMBL364419; 0.097; Oc1ccc(cc1)c1cc2cc(O)cc(C=O)c2o1
CHEMBL258772; 0.097; OC1=CC(=CC=C1OC1=CC=C(Cl)C=C1Cl)C1=CC=CC=C1
CHEMBL206178; 0.097; NC1=CC=CC=C1OC1=CC=C(Cl)C=C1O
CHEMBL605368; 0.097; NC(=S)NN=C(C1=CC(Br)=CC=C1)C1=C(F)C=CC=C1F
CHEMBL2386751; 0.097; COC(=N)C1=NC2=C(S1)C1=C(NC3=CC(Cl)=CC=C3)N=CN=C1C=C2
CHEMBL3260335; 0.097; CC1=NC(COC2=C(OC3CNC3)C=C(Cl)C=C2)=CS1
CHEMBL391990; 0.097; CC(=NNC(=O)NC1=NNC(=S)S1)C1=CC=C(Cl)C=C1
CHEMBL287556; 0.096; OCc1cc(=O)c(O)co1
CHEMBL524902; 0.096; OC1=CC=CC=C1C(=O)NC1=C(O)C=CC(Cl)=C1
CHEMBL1808848; 0.096; OC1=C(CN(C(=O)NC2=CC=CC=C2)C2=CC=CC=C2Cl)C=C(Br)C=C1
CHEMBL361333; 0.096; OC1=C(C=CC=C1)C1=NC2=CC=C(Cl)C=C2C(=O)N1CCC1=CC=CC=C1
CHEMBL599998; 0.096; NC(=S)NN=C(C1=CC(Br)=CC=C1)C1=CC(F)=C(F)C(F)=C1
CHEMBL602683; 0.096; NC(=S)NN=C(C1=CC(Br)=CC=C1)C1=C(F)C(Br)=CC=C1
CHEMBL185126; 0.096; Cc1c2oc(cc2cc(O)c1)c1cc(F)c(O)cc1
CHEMBL331447; 0.096; COC1=C2C=CC=CC2=C(O)C(CC2=CC=CC=C2)=C1
CHEMBL2386770; 0.096; COC(=N)C1=NC2=C(S1)C1=C(NC3=C(Br)C=C(F)C=C3)N=CN=C1C=C2
CHEMBL3112884; 0.096; CC1=C(C=CC=C1)C(NC1=CC=CC=N1)C1=CC=C2C=CC=NC2=C1O
CHEMBL1330307; 0.095; OC1=C2N=CC=CC2=CC=C1C(NC1=NC=CC=C1)C1=NC=CC=C1
CHEMBL214219; 0.095; NC(=S)NN=C1CCS(=O)(=O)C2=CC=C(Br)C=C12
CHEMBL2392938; 0.095; Cc1c2oc(cc(=O)c2ccc1OCCCCN1CCCC1)c1ccccc1
CHEMBL3218795; 0.095; COC1=C(OC2=NN(C(=O)O2)C2=CC=CC=C2)C=CC(Br)=C1
CHEMBL2386748; 0.095; COC(=N)C1=NC2=C(S1)C1=C(NC3=C(F)C=C(F)C=C3)N=CN=C1C=C2
CHEMBL402567; 0.095; CN1C(=N)N(CC(=O)C2=CC=C(Cl)C=C2)C2=CC(C)=CC=C12
CHEMBL3093847; 0.095; CN(C)c1ccc(cc1)c1cc(=O)c2ccc(OCCCCN3CCCC3)cc2o1
CHEMBL2393068; 0.095; CCN(CC)CCCCCOc1ccc2c(=O)cc(oc2c1C)c1ccccc1
CHEMBL195176; 0.095; CC1=CC(=O)N(CCC2=CC=CC=C2)C(=N1)C1=C(O)C=CC=C1
CHEMBL1808850; 0.094; OC1=C(CN(C(=O)NC2=CC=CC=C2)C2=CC=CC=C2Br)C=C(Br)C=C1
CHEMBL259379; 0.094; NC(=S)NN=C(C1=CC=CS1)C1=CC(Cl)=CC(Cl)=C1
CHEMBL2069392; 0.094; ClC1=CC(=CC=C1)C1=NOC(CN2C(=O)SC3=CC=CC=C23)=N1
CHEMBL2204232; 0.094; ClC1=C(Cl)C=C2N=C(C(=O)NC2=C1)C1=CC=CC=C1NC(=O)C1=CC=CS1
CHEMBL122697; 0.094; CCOC(=O)C1=C(O)C=C2C=CC(Cl)=CC2=C1
CHEMBL2165045; 0.094; CC1=NC(N)=NC(=C1)C1=C(NC2=CC=CC(O)=C2)N=CC=C1
CHEMBL220958; 0.094; CC1=CC=C(O)C=C1NC1=NC(=CC=N1)N1C=NC2=CC=CC=C12
CHEMBL14640; 0.094; C(OC1=CC=CC=C1)C1=NCCN1
CHEMBL2333336; 0.092; OC1=C2OC3=CC=CC=C3C(=O)C2=C(CN2C=CN=C2)C=C1
CHEMBL1808847; 0.092; OC1=C(CN(C(=O)NC2=CC=CC=C2)C2=CC=C(F)C=C2)C=C(Br)C=C1
CHEMBL1808857; 0.092; OC1=C(CN(C(=O)NC2=CC=CC=C2)C2=CC=C(Cl)C=C2)C=C(Br)C=C1Br
CHEMBL1808851; 0.092; OC1=C(CN(C(=O)NC2=CC=CC=C2)C2=CC=C(Br)C=C2)C=C(Br)C=C1
CHEMBL223512; 0.092; ClC1=CC=C2OCCCCCOC3=NC(NC(=O)NC2=C1)=CN=C3
CHEMBL181567; 0.092; COC(=O)C1=CN2N=CN=C(NC3=CC(O)=CC=C3)C2=C1C
CHEMBL332223; 0.092; CCOC(=O)C1=C(O)C=C2C=CC=CC2=C1
CHEMBL307280; 0.092; CCN1C2=NC(=C(Cl)C=C2N(C)C(=O)C2=C1N=CC=C2)[N+]([O-])=O
CHEMBL393452; 0.092; CC1=CC=CC(O)=C1NC1=C(NC2=CC=CC=C2)C(=O)C1=O
CHEMBL3192687; 0.091; OC1=CC=C2C=CC=CC2=C1\C=N\S(=O)(=O)C1=CC=CS1
CHEMBL3112913; 0.091; OC1=C2N=CC=CC2=CC=C1C(NC1=CC=CC=C1Cl)C1=CN=CC=C1
CHEMBL3297793; 0.091; O=C(SC1=NC=CC=N1)C1=CC2=CC=CC=C2OC1=O
CHEMBL2386750; 0.091; COC(=N)C1=NC2=C(S1)C1=C(NC3=CC(=CC=C3)C#N)N=CN=C1C=C2
CHEMBL2386746; 0.091; COC(=N)C1=NC2=C(S1)C1=C(NC3=C(Cl)C=C(F)C=C3)N=CN=C1C=C2
CHEMBL1762472; 0.091; CNCC[C@@H](OC1=CC(Cl)=CC=C1C#N)C1=CC=CC=C1
CHEMBL1527437; 0.091; CCOC(=O)C1=CC(=NN1)C1=CC=C(Cl)C=C1
CHEMBL400837; 0.091; CCOC(=O)C(\C1=CC=CN1)=C1\C(=O)NC2=CC=C(C=C12)S(N)(=O)=O
CHEMBL85476; 0.091; CCC1=C(C)NC(=O)C(NCC2=C(O)C=CC=C2)=C1
CHEMBL470165; 0.090; Oc1c2c(=O)cc(oc2cc(OCCCCCCO[N+](=O)[O-])c1)c1ccccc1
CHEMBL25573; 0.090; OC1=C(NC(=O)NC2=CC=CC=C2)C=CC(=C1)C#N
CHEMBL2203529; 0.090; O=C(NC1=CC=CC=C1C1=NC2=CC=CC=C2NC1=O)C1=CC=CN=C1
CHEMBL123079; 0.090; NS(=O)(=O)C1=C2C=CC=CC2=C(O)C(CC2=CC=CC=C2)=C1
CHEMBL213224; 0.090; NC(=S)NN=C1CCS(=O)(=O)C2=C(Br)C=C(Br)C=C12
CHEMBL470221; 0.090; FC1=CC=C(NC(=O)C2=CC3=CC=CC=C3OC2=O)C=C1
CHEMBL2386766; 0.090; COC(=N)C1=NC2=C(S1)C1=C(NC3=CC=C(C=C3)C#N)N=CN=C1C=C2
CHEMBL1405150; 0.090; CCC(=O)NC(C1=CC=CS1)C1=CC(Cl)=C2C=CC=NC2=C1O
CHEMBL395766; 0.090; CC(=O)ON=C1C(NC2=CC=CC=C12)=C1C(=O)NC2=C1C=CC=C2Br
CHEMBL592617; 0.090; BrC1=CC=CC(NC2=NC=NC3=CC=C(NC(=O)CC#N)C=C23)=C1
CHEMBL3297791; 0.090; BrC1=CC=C(SC(=O)C2=CC3=CC=CC=C3OC2=O)C=C1
CHEMBL333044; 0.089; OC1=C2C=CC=CC2=CC=C1CC1=CC=CS1
